title,year_range,publisher,genre,characteristic,platform,no_players,metascore,user_avg
The Legend of Zelda: Ocarina of Time,1995-2000,Nintendo,Action Adventure,Fantasy,Nintendo64,1 Player,99,9.1
Tony Hawk's Pro Skater 2,1995-2000,Activision,Sports,Skateboarding,PlayStation,not specified,98,7.4
Grand Theft Auto IV,2005-2010,RockstarGames,Action Adventure,Open-World,PlayStation3,1 Player,98,7.5
SoulCalibur,1995-2000,Bandai,Fighting,3D,Dreamcast,1 to 2,98,8.6
Grand Theft Auto IV,2005-2010,RockstarGames,Action Adventure,Open-World,Xbox360,1 Player,98,7.9
Super Mario Galaxy,2005-2010,Nintendo,Platformer,3D,Wii,No Online Multiplayer,97,9.0
Super Mario Galaxy 2,2005-2010,Nintendo,Platformer,3D,Wii,No Online Multiplayer,97,9.1
Grand Theft Auto V,2010-2015,RockstarGames,Action Adventure,Open-World,XboxOne,1 to 30,97,7.8
Grand Theft Auto V,2010-2015,RockstarGames,Action Adventure,Open-World,PlayStation3,1 to 16,97,8.3
Grand Theft Auto V,2010-2015,RockstarGames,Action Adventure,Open-World,Xbox360,1 to 16,97,8.3
Tony Hawk's Pro Skater 2,1995-2000,Activision,Sports,Skateboarding,Dreamcast,not specified,97,6.2
The Legend of Zelda: Breath of the Wild,2015-2020,Nintendo,Action Adventure,Open-World,Switch,No Online Multiplayer,97,8.5
Tony Hawk's Pro Skater 3,2000-2005,Activision,Sports,Skateboarding,PlayStation2,1 to 2,97,7.4
Perfect Dark,1995-2000,Rare,FPS,Sci-Fi,Nintendo64,not specified,97,8.9
Grand Theft Auto V,2010-2015,RockstarGames,Action Adventure,Open-World,PlayStation4,1 to 30,97,8.3
Metroid Prime,2000-2005,Nintendo,FPS,Sci-Fi,GameCube,1 Player,97,9.2
Grand Theft Auto III,2000-2005,RockstarGames,Action Adventure,Open-World,PlayStation2,1 Player,97,8.5
Super Mario Odyssey,2015-2020,Nintendo,Platformer,3D,Switch,No Online Multiplayer,97,8.9
Halo: Combat Evolved,2000-2005,XboxGamesStudios,FPS,Sci-Fi,Xbox,1 to 4,97,8.6
NFL 2K1,1995-2000,Sega,Sports,Football,Dreamcast,not specified,97,6.4
Half-Life 2,2000-2005,Valve,FPS,Sci-Fi,PC,No Online Multiplayer,96,9.1
Grand Theft Auto V,2010-2015,RockstarGames,Action Adventure,Open-World,PC,1 to 32,96,7.7
The Legend of Zelda: Breath of the Wild,2015-2020,Nintendo,Action Adventure,Open-World,WiiU,No Online Multiplayer,96,8.2
BioShock,2005-2010,2kGames,FPS,Sci-Fi,Xbox360,No Online Multiplayer,96,8.9
GoldenEye 007,1995-2000,Rare,FPS,Modern,Nintendo64,1 to 4,96,9.1
Uncharted 2: Among Thieves,2005-2010,SonyInteractiveEntertainment,Action Adventure,Linear,PlayStation3,No Online Multiplayer,96,8.9
Resident Evil 4,2000-2005,Capcom,Action Adventure,Horror,GameCube,1 Player,96,9.3
The Orange Box,2005-2010,Valve,FPS,Sci-Fi,Xbox360,16  Online,96,8.8
The Orange Box,2005-2010,Valve,FPS,Sci-Fi,PC,16  Online,96,9.2
Batman: Arkham City,2010-2015,RocksteadyStudios,Action Adventure,Open-World,PlayStation3,No Online Multiplayer,96,8.7
Tekken 3,1995-2000,Bandai,Fighting,3D,PlayStation,1 to 2,96,9.1
Mass Effect 2,2005-2010,EA,Action RPG,Sci-Fi,Xbox360,No Online Multiplayer,96,8.9
The Legend of Zelda: Twilight Princess,2005-2010,Nintendo,Action Adventure,Fantasy,GameCube,1 Player,96,8.9
The Elder Scrolls V: Skyrim,2010-2015,BethesdaSoftworks,Action RPG,Fantasy,Xbox360,No Online Multiplayer,96,8.5
Half-Life,1995-2000,Valve,FPS,Sci-Fi,PC,1 to 32,96,9.1
Resident Evil 4,2000-2005,Capcom,Action Adventure,Horror,PlayStation2,1 Player,96,8.9
The Legend of Zelda: The Wind Waker,2000-2005,Nintendo,Action Adventure,Fantasy,GameCube,1 Player,96,8.9
Gran Turismo,1995-2000,SonyInteractiveEntertainment,Racing,GT/Street,PlayStation,1 to 2,96,8.6
BioShock,2005-2010,2kGames,FPS,Sci-Fi,PC,No Online Multiplayer,96,8.5
Metal Gear Solid 2: Sons of Liberty,2000-2005,Konami,Action Adventure,Stealth,PlayStation2,1 Player,96,8.8
Grand Theft Auto Double Pack,2000-2005,RockstarGames,Action Adventure,Open-World,Xbox,1 Player,96,7.9
Baldur's Gate II: Shadows of Amn,1995-2000,BlackIsleStudios,RPG,Fantasy,PC,1 to 6,95,9.2
Grand Theft Auto: San Andreas,2000-2005,RockstarGames,Action Adventure,Open-World,PlayStation2,1 to 2,95,9.0
Grand Theft Auto: Vice City,2000-2005,RockstarGames,Action Adventure,Open-World,PlayStation2,1 Player,95,8.8
LittleBigPlanet,2005-2010,SonyInteractiveEntertainment,Platformer,3D,PlayStation3,1 to 4,95,6.8
The Legend of Zelda Collector's Edition,2000-2005,Nintendo,Action Adventure,Fantasy,GameCube,1 Player,95,9.0
Red Dead Redemption,2005-2010,RockstarGames,Action Adventure,Open-World,PlayStation3,1 to 16,95,8.9
Gran Turismo 3: A-Spec,2000-2005,SonyInteractiveEntertainment,Racing,GT/Street,PlayStation2,1 to 2,95,8.4
Halo 2,2000-2005,XboxGamesStudios,FPS,Sci-Fi,Xbox,1 to 16,95,8.2
The Legend of Zelda: A Link to the Past,2000-2005,Nintendo,Action Adventure,Fantasy,GameBoyAdvance,not specified,95,8.9
The Legend of Zelda: Majora's Mask,1995-2000,Nintendo,Action Adventure,Fantasy,Nintendo64,1 Player,95,9.1
The Last of Us,2010-2015,SonyInteractiveEntertainment,Action Adventure,Modern,PlayStation3,1 to 8,95,9.2
The Legend of Zelda: Twilight Princess,2005-2010,Nintendo,Action Adventure,Fantasy,Wii,No Online Multiplayer,95,9.0
Madden NFL 2003,2000-2005,EA,Sports,Football,PlayStation2,1 to 2,95,7.4
Tony Hawk's Pro Skater 2,2000-2005,Activision,Sports,Skateboarding,GameBoyAdvance,not specified,95,7.0
The Last of Us Remastered,2010-2015,SonyInteractiveEntertainment,Action Adventure,Modern,PlayStation4,1 to 8,95,9.1
Portal 2,2010-2015,Valve,Platformer,Sci-Fi,PC,not specified,95,9.0
Red Dead Redemption,2005-2010,RockstarGames,Action Adventure,Open-World,Xbox360,1 to 16,95,9.0
Portal 2,2010-2015,Valve,Platformer,Sci-Fi,Xbox360,not specified,95,8.7
Metal Gear Solid V: The Phantom Pain,2010-2015,Konami,Action Adventure,Open-World,XboxOne,1 to 16,95,7.4
Portal 2,2010-2015,Valve,Platformer,Sci-Fi,PlayStation3,not specified,95,8.5
World of Goo,2005-2010,Nintendo,Puzzle,2D,Wii,1 to 4,94,8.7
BioShock Infinite,2010-2015,2kGames,FPS,Sci-Fi,PlayStation3,No Online Multiplayer,94,8.5
Final Fantasy IX,1995-2000,SquareEnix,JRPG,Fantasy,PlayStation,1 Player,94,8.9
Call of Duty: Modern Warfare 2,2005-2010,Activision,FPS,Modern,PlayStation3,1 to 18,94,6.4
Tony Hawk's Pro Skater 4,2000-2005,Activision,Sports,Skateboarding,PlayStation2,1 to 8,94,8.4
Devil May Cry,2000-2005,Capcom,Action Adventure,Fantasy,PlayStation2,1 Player,94,8.6
Call of Duty 4: Modern Warfare,2005-2010,Activision,FPS,Modern,PlayStation3,1  to 18,94,8.4
Madden NFL 2002,2000-2005,EA,Sports,Football,PlayStation2,1 to 8,94,7.4
God of War,2015-2020,SonyInteractiveEntertainment,Action Adventure,Linear,PlayStation4,No Online Multiplayer,94,9.1
Batman: Arkham City,2010-2015,RocksteadyStudios,Action Adventure,Open-World,Xbox360,No Online Multiplayer,94,8.7
The Elder Scrolls V: Skyrim,2010-2015,BethesdaSoftworks,Action RPG,Fantasy,PC,No Online Multiplayer,94,8.2
Mass Effect 2,2005-2010,EA,Action RPG,Sci-Fi,PC,No Online Multiplayer,94,8.8
The Legend of Zelda: Ocarina of Time 3D,2010-2015,Nintendo,Action Adventure,Fantasy,3DS,No Online Multiplayer,94,8.9
Chrono Cross,1995-2000,SquareEnix,JRPG,Fantasy,PlayStation,1 Player,94,8.2
BioShock,2005-2010,2kGames,FPS,Sci-Fi,PlayStation3,No Online Multiplayer,94,8.7
Mass Effect 2,2010-2015,EA,Action RPG,Sci-Fi,PlayStation3,No Online Multiplayer,94,8.5
Grand Theft Auto: Vice City,2000-2005,RockstarGames,Action Adventure,Open-World,PC,No Online Multiplayer,94,8.8
Madden NFL 2004,2000-2005,EA,Sports,Football,PlayStation2,1 to 8,94,8.4
Gears of War,2005-2010,XboxGamesStudios,Action,Sci-Fi,Xbox360,8  Online,94,8.3
The Elder Scrolls IV: Oblivion,2005-2010,BethesdaSoftworks,Action RPG,Fantasy,Xbox360,No Online Multiplayer,94,8.7
Sid Meier's Civilization II,1995-2000,MicroProse,Strategy,Historic,PC,1 Player,94,8.9
Quake,1995-2000,IdSoftware,FPS,Sci-Fi,PC,1 to 16,94,8.8
Call of Duty 4: Modern Warfare,2005-2010,Activision,FPS,Modern,Xbox360,1 to 18,94,8.5
BioShock Infinite,2010-2015,2kGames,FPS,Sci-Fi,PC,No Online Multiplayer,94,8.6
Halo 3,2005-2010,XboxGamesStudios,FPS,Sci-Fi,Xbox360,1 to 4,94,7.9
Ninja Gaiden Black,2000-2005,Tecmo,Action Adventure,Fantasy,Xbox,1 Player,94,8.7
The Elder Scrolls IV: Oblivion,2005-2010,BethesdaSoftworks,Action RPG,Fantasy,PC,No Online Multiplayer,94,8.1
Street Fighter IV,2005-2010,Capcom,Fighting,3D,PlayStation3,2  Online,94,7.3
Celeste,2015-2020,MattMakesGamesInc.,Platformer,2D,XboxOne,No Online Multiplayer,94,6.4
Super Mario Advance 4: Super Mario Bros. 3,2000-2005,Nintendo,Platformer,2D,GameBoyAdvance,1 to 4,94,8.9
Jet Grind Radio,1995-2000,Sega,Platformer,3D,Dreamcast,not specified,94,8.0
Metal Gear Solid,1995-2000,Konami,Action Adventure,Stealth,PlayStation,1 Player,94,9.2
Grim Fandango,1995-2000,LucasArts,Adventure,3D,PC,No Online Multiplayer,94,9.1
Tom Clancy's Splinter Cell Chaos Theory,2000-2005,Ubisoft,Action Adventure,Stealth,Xbox,4  Online,94,8.9
Burnout 3: Takedown,2000-2005,EA,Racing,Arcade,Xbox,8  Online,94,7.4
Diablo,1995-2000,Blizzard,Action RPG,Fantasy,PC,1 to 4,94,8.7
Metal Gear Solid 3: Subsistence,2005-2010,Konami,Action Adventure,Stealth,PlayStation2,8  Online,94,9.0
Call of Duty: Modern Warfare 2,2005-2010,Activision,FPS,Modern,Xbox360,1 to 18,94,6.4
Metal Gear Solid 4: Guns of the Patriots,2005-2010,Konami,Action Adventure,Stealth,PlayStation3,1 to 16,94,8.8
NCAA Football 2004,2000-2005,EA,Sports,Football,PlayStation2,1 to 8,94,8.7
God of War,2000-2005,SonyInteractiveEntertainment,Action Adventure,Fantasy,PlayStation2,1 Player,94,8.9
Star Wars: Knights of the Old Republic,2000-2005,LucasArts,Action RPG,Fantasy,Xbox,1 Player,94,9.0
Sid Meier's Civilization IV,2000-2005,2kGames,Strategy,Historic,PC,12  Online,94,8.3
Madden NFL 2004,2000-2005,EA,Sports,Football,GameCube,1 to 4,94,7.0
Virtua Fighter 4,2000-2005,Sega,Fighting,3D,PlayStation2,1 to 2,94,8.1
Super Mario 64,1995-2000,Nintendo,Platformer,3D,Nintendo64,1 Player,94,9.2
The Witcher 3: Wild Hunt,2010-2015,CDProjectRedStudio,Action RPG,Fantasy,PC,No Online Multiplayer,93,9.3
Burnout 3: Takedown,2000-2005,EA,Racing,Arcade,PlayStation2,1 to 16,93,9.0
Super Smash Bros. Brawl,2005-2010,Nintendo,Fighting,3D,Wii,1 to 4,93,8.9
Company of Heroes,2005-2010,THQ,Strategy,Historic,PC,8  Online,93,8.8
Gran Turismo 2,1995-2000,SonyInteractiveEntertainment,Racing,GT/Street,PlayStation,1 to 2,93,9.0
Tom Clancy's Splinter Cell Pandora Tomorrow,2000-2005,Ubisoft,Action Adventure,Stealth,Xbox,1 to 4,93,8.6
Grand Theft Auto: Chinatown Wars,2005-2010,RockstarGames,Action Adventure,Open-World,DS,not specified,93,8.2
Pac-Man Championship Edition DX,2005-2010,Bandai,Puzzle,2D,Xbox360,not specified,93,7.8
Street Fighter Alpha 3,1995-2000,Capcom,Fighting,2D,PlayStation,1 to 2,93,8.6
Tony Hawk's Pro Skater 3,2000-2005,Activision,Sports,Skateboarding,Xbox,1 to 4,93,7.9
Divinity: Original Sin II,2015-2020,LarianStudios,Action RPG,Fantasy,PC,Online Multiplayer,93,8.4
Unreal Tournament 2004,2000-2005,EpicGames,FPS,Sci-Fi,PC,1 to 32,93,8.8
BioShock Infinite,2010-2015,2kGames,FPS,Sci-Fi,Xbox360,No Online Multiplayer,93,8.5
Braid,2005-2010,NumberNoneInc,Platformer,2D,Xbox360,1 Player,93,8.5
God of War II,2005-2010,SonyInteractiveEntertainment,Action Adventure,Fantasy,PlayStation2,1 Player,93,8.9
Super Mario 3D World,2010-2015,Nintendo,Platformer,3D,WiiU,No Online Multiplayer,93,8.9
Starcraft II: Wings of Liberty,2005-2010,Blizzard,Strategy,Sci-Fi,PC,1 to 4,93,8.2
SSX,1995-2000,EA,Sports,Snowboarding,PlayStation2,1 to 2,93,8.4
Street Fighter IV,2005-2010,Capcom,Fighting,3D,Xbox360,2  Online,93,7.3
Minecraft,2005-2010,Mojang,Sandbox,Fantasy,PC,1 to 10,93,7.5
Persona 5,2015-2020,Atlus,JRPG,Modern,PlayStation4,No Online Multiplayer,93,9.1
Persona 4 Golden,2010-2015,Atlus,JRPG,Modern,PlayStationVita,1 to 40,93,9.2
SSX 3,2000-2005,EA,Sports,Snowboarding,PlayStation2,1 to 2,93,9.0
Tom Clancy's Splinter Cell,2000-2005,Ubisoft,Action Adventure,Stealth,Xbox,1 Player,93,8.6
Grand Theft Auto III,2000-2005,RockstarGames,Action Adventure,Open-World,PC,No Online Multiplayer,93,8.3
Quake III Arena,1995-2000,IdSoftware,FPS,Sci-Fi,Dreamcast,not specified,93,8.1
Homeworld,1995-2000,Relic,Strategy,Real-Time,PC,1 to 8,93,8.9
Okami,2005-2010,CloverStudio,Action Adventure,Fantasy,PlayStation2,1 Player,93,9.1
The Elder Scrolls IV: Oblivion,2005-2010,BethesdaSoftworks,Action RPG,Fantasy,PlayStation3,No Online Multiplayer,93,8.0
Fallout 3,2005-2010,BethesdaSoftworks,Action RPG,Modern,Xbox360,No Online Multiplayer,93,8.5
Gears of War 2,2005-2010,XboxGamesStudios,Action,Sci-Fi,Xbox360,1 to 2,93,7.7
SoulCalibur II,2000-2005,Bandai,Fighting,3D,GameCube,1 to 2,93,8.8
World Soccer Winning Eleven 6 International,2000-2005,Konami,Sports,Soccer,PlayStation2,1 to 8,93,8.4
NFL 2K3,2000-2005,Sega,Sports,Football,PlayStation2,1 to 2,93,7.4
Mass Effect 3,2010-2015,EA,Action RPG,Sci-Fi,Xbox360,1 to 4,93,5.9
Metal Gear Solid V: The Phantom Pain,2010-2015,Konami,Action Adventure,Open-World,PlayStation4,1 to 16,93,8.2
Skies of Arcadia,1995-2000,Sega,JRPG,Fantasy,Dreamcast,not specified,93,8.9
The Legend of Zelda: Skyward Sword,2010-2015,Nintendo,Action Adventure,Open-World,Wii,No Online Multiplayer,93,8.1
Mario Kart Super Circuit,2000-2005,Nintendo,Racing,Kart,GameBoyAdvance,1 to 2,93,8.2
Rock Band 3,2005-2010,MtvGames,Rhythm,Music,Xbox360,not specified,93,8.3
Viewtiful Joe,2000-2005,CloverStudio,Action,Beat-Em-Up,GameCube,1 Player,93,8.3
Test Drive Le Mans,1995-2000,Infogrames,Racing,GT/Street,Dreamcast,not specified,93,7.7
NBA 2K1,1995-2000,Sega,Sports,Basketball,Dreamcast,not specified,93,7.0
Castlevania: Symphony of the Night,1995-2000,Konami,Platformer,2D,PlayStation,1 Player,93,9.2
Star Wars: Knights of the Old Republic,2000-2005,LucasArts,Action RPG,Sci-Fi,PC,No Online Multiplayer,93,9.0
Virtua Fighter 4: Evolution,2000-2005,Sega,Fighting,3D,PlayStation2,1 to 2,93,8.9
Uncharted 4: A Thief's End,2015-2020,SonyInteractiveEntertainment,Action Adventure,Linear,PlayStation4,1 to 10,93,8.3
Braid,2005-2010,NumberNoneInc,Platformer,2D,PlayStation3,1 Player,93,7.8
Mass Effect 3,2010-2015,EA,Action RPG,Sci-Fi,PlayStation3,1 to 4,93,5.6
Paper Mario,2000-2005,Nintendo,Action RPG,Fantasy,Nintendo64,not specified,93,9.1
Wipeout XL,1995-2000,SonyInteractiveEntertainment,Racing,Sci-Fi,PlayStation,1 to 2,93,8.6
Grand Theft Auto: San Andreas,2000-2005,RockstarGames,Action Adventure,Open-World,Xbox,1 to 2,93,8.7
INSIDE,2015-2020,PLAYDEAD,Platformer,2D,XboxOne,not specified,93,8.2
World of Warcraft,2000-2005,Blizzard,MMORPG,Fantasy,PC,Massively Multiplayer,93,7.3
Grand Theft Auto: San Andreas,2000-2005,RockstarGames,Action Adventure,Open-World,PC,No Online Multiplayer,93,8.9
Flipnote Studio,2005-2010,Nintendo,General,Application,DS,not specified,93,8.4
World Soccer Winning Eleven 7 International,2000-2005,Konami,Sports,Soccer,PlayStation2,1 to 8,93,8.8
NBA 2K2,2000-2005,Sega,Sports,Basketball,Dreamcast,not specified,93,7.3
SoulCalibur II,2000-2005,Bandai,Fighting,3D,PlayStation2,1 to 2,92,8.8
The Elder Scrolls V: Skyrim,2010-2015,BethesdaSoftworks,Action RPG,Fantasy,PlayStation3,No Online Multiplayer,92,6.5
Prince of Persia: The Sands of Time,2000-2005,Ubisoft,Action Adventure,Fantasy,Xbox,1 Player,92,7.7
Call of Duty 4: Modern Warfare,2005-2010,Activision,FPS,Modern,PC,1 to 18,92,8.5
Divinity: Original Sin II - Definitive Edition,2015-2020,LarianStudios,Action RPG,Fantasy,PlayStation4,Online Multiplayer,92,8.5
God of War III,2005-2010,SonyInteractiveEntertainment,Action Adventure,Fantasy,PlayStation3,No Online Multiplayer,92,8.8
NFL 2K3,2000-2005,Sega,Sports,Football,GameCube,1 to 4,92,8.3
SSX Tricky,2000-2005,EA,Sports,Snowboarding,PlayStation2,1 to 2,92,8.9
NHL 2002,2000-2005,EA,Sports,Ice Hockey,PlayStation2,1 to 8,92,8.5
Guitar Hero II,2005-2010,Activision,Rhythm,Music,Xbox360,1 to 2,92,8.1
Prince of Persia: The Sands of Time,2000-2005,Ubisoft,Action Adventure,Fantasy,PlayStation2,1 Player,92,8.7
Uncharted 3: Drake's Deception,2010-2015,SonyInteractiveEntertainment,Action Adventure,Linear,PlayStation3,1 to 10,92,8.4
Rock Band,2005-2010,MtvGames,Rhythm,Music,Xbox360,4  Online,92,8.2
Journey,2010-2015,TrickyPixels,Platformer,3D,PlayStation4,1 to 2,92,8.4
Bloodborne,2010-2015,Bandai,Action RPG,Fantasy,PlayStation4,1 to 5,92,8.9
Eternal Darkness: Sanity's Requiem,2000-2005,Nintendo,Action Adventure,Horror,GameCube,1 Player,92,8.8
Warcraft III: Reign of Chaos,2000-2005,Blizzard,Strategy,Fantasy,PC,not specified,92,9.1
SSX 3,2000-2005,EA,Sports,Snowboarding,GameCube,1 to 2,92,8.8
The Sims,1995-2000,EA,Simulation,VirtualLife,PC,1 Player,92,7.9
Banjo-Kazooie,1995-2000,Rare,Platformer,3D,Nintendo64,1 Player,92,9.1
Sid Meier's Gettysburg!,1995-2000,FiraxisGames,Strategy,General,PC,1 to 8,92,7.4
Rock Band 2,2005-2010,MtvGames,Rhythm,Music,Wii,4  Online,92,7.6
Forza Motorsport,2000-2005,XboxGamesStudios,Racing,GT/Street,Xbox,8  Online,92,7.6
Celeste,2015-2020,MattMakesGamesInc.,Platformer,2D,Switch,No Online Multiplayer,92,8.3
Madden NFL 2004,2000-2005,EA,Sports,Football,Xbox,1 to 4,92,8.3
Super Street Fighter IV,2005-2010,Capcom,Fighting,3D,PlayStation3,1 to 8,92,7.8
World Soccer Winning Eleven 7 International,2000-2005,EA,Sports,Soccer,PC,1 to 2,92,7.5
Advance Wars,2000-2005,Nintendo,Strategy,Modern,GameBoyAdvance,1 to 4,92,9.0
Vagrant Story,1995-2000,SquareEnix,Action RPG,Modern,PlayStation,1 Player,92,8.5
What Remains of Edith Finch,2015-2020,GiantSparrow,Adventure,3D,XboxOne,No Online Multiplayer,92,7.4
Team Fortress 2,2005-2010,Valve,FPS,Modern,PC,1 to 32,92,9.1
System Shock 2,1995-2000,EA,Action Adventure,Sci-Fi,PC,1 Player,92,9.1
Tom Clancy's Splinter Cell: Chaos Theory,2000-2005,Ubisoft,Action Adventure,Stealth,PC,No Online Multiplayer,92,8.7
Final Fantasy XII,2005-2010,SquareEnix,Action RPG,Fantasy,PlayStation2,1 Player,92,7.5
Undertale,2015-2020,Tobyfox,RPG,Fantasy,PlayStation4,not specified,92,6.5
Madden NFL 2003,2000-2005,EA,Sports,Football,GameCube,1 to 4,92,8.5
The Witcher 3: Wild Hunt,2010-2015,CDProjectRedStudio,Action RPG,Fantasy,PlayStation4,No Online Multiplayer,92,9.2
Super Mario World: Super Mario Advance 2,2000-2005,Nintendo,Platformer,2D,GameBoyAdvance,not specified,92,8.9
ESPN NFL 2K5,2000-2005,Sega,Sports,Football,Xbox,1 to 4,92,8.9
Super Smash Bros. Melee,2000-2005,Nintendo,Fighting,3D,GameCube,1 to 4,92,9.1
Madden NFL 2003,2000-2005,Sega,Sports,Football,Xbox,1 to 4,92,8.1
Rome: Total War,2000-2005,Sega,Strategy,Historic,PC,8  Online,92,9.1
Forza Motorsport 3,2005-2010,XboxGamesStudios,Racing,GT/Street,Xbox360, 1 to 8,92,8.1
Okami HD,2015-2020,Capcom,Action Adventure,General,PC,No Online Multiplayer,92,7.6
Undertale,2010-2015,Tobyfox,RPG,Fantasy,PC,No Online Multiplayer,92,8.3
Batman: Arkham Asylum,2005-2010,RocksteadyStudios,Action Adventure,Fantasy,Xbox360,No Online Multiplayer,92,8.7
Super Mario Sunshine,2000-2005,Nintendo,Platformer,3D,GameCube,1 Player,92,8.6
SSX 3,2000-2005,EA,Sports,Snowboarding,Xbox,1 to 2,92,8.8
SoulCalibur II,2000-2005,Bandai,Fighting,3D,Xbox,1 to 2,92,8.9
Tony Hawk's Pro Skater,1995-2000,Activision,Sports,Skateboarding,PlayStation,1 to 2,92,8.9
Thief: The Dark Project,1995-2000,EidosInteractive,Action Adventure,Fantasy,PC,1 Player,92,9.0
Fire Emblem: Awakening,2010-2015,Nintendo,Strategy,Fantasy,3DS,No Online Multiplayer,92,9.1
Age of Empires II: The Age of Kings,1995-2000,XboxGamesStudios,Strategy,Historic,PC,No Online Multiplayer,92,9.0
Final Fantasy X,2000-2005,SquareEnix,JRPG,Fantasy,PlayStation2,1 Player,92,8.8
Prince of Persia: The Sands of Time,2000-2005,Ubisoft,Action Adventure,Fantasy,GameCube,1 Player,92,8.2
The Walking Dead: A Telltale Games Series,2010-2015,TelltaleGames,Adventure,Point-and-Click,Xbox360,not specified,92,8.6
Unreal Tournament (1999),1995-2000,EpicGames,FPS,Sci-Fi,PC,1 to 32,92,9.0
Sid Meier's Alpha Centauri,1995-2000,FiraxisGames,Strategy,Sci-Fi,PC,not specified,92,9.0
Wave Race 64,1995-2000,Nintendo,Racing,Snow/Water,Nintendo64,1 to 2,92,8.2
Galactic Civilizations II: Twilight of the Arnor,2005-2010,Stardock,Strategy,Sci-Fi,PC,1 Player,92,8.4
Super Smash Bros. for Wii U,2010-2015,Bandai,Fighting,3D,WiiU,1 to 4,92,9.0
Guitar Hero II,2005-2010,Activision,Rhythm,Music,PlayStation2,1 to 2,92,8.5
Into the Breach,2015-2020,SubsetGames,Strategy,Tactics,Switch,No Online Multiplayer,92,8.1
Final Fantasy VII,1995-2000,SquareEnix,JRPG,Fantasy,PlayStation,1 Player,92,9.2
Rock Band,2005-2010,MtvGames,Rhythm,Music,PlayStation3,4  Online,92,8.4
Chrono Trigger,2005-2010,SquareEnix,JRPG,Fantasy,DS,No Online Multiplayer,92,8.9
Bayonetta 2,2015-2020,Nintendo,Action Adventure,Linear,Switch,No Online Multiplayer,92,8.4
Journey,2010-2015,SonyInteractiveEntertainment,Platformer,3D,PlayStation3,not specified,92,8.8
Xenoblade Chronicles,2010-2015,Nintendo,Action RPG,Fantasy,Wii,No Online Multiplayer,92,9.0
Conker's Bad Fur Day,2000-2005,Rare,Platformer,3D,Nintendo64,not specified,92,9.1
Medal of Honor,1995-2000,EA,FPS,Historic,PlayStation,1 to 2,92,8.7
PaRappa the Rapper,1995-2000,SonyInteractiveEntertainment,Rhythm,Music,PlayStation,1 Player,92,7.4
Rock Band 2,2005-2010,MtvGames,Rhythm,Music,Xbox360,1 to 4,92,8.3
Mario Kart 8 Deluxe,2015-2020,Nintendo,Racing,Arcade,Switch,1 to 12,92,8.6
INSIDE,2015-2020,PLAYDEAD,Platformer,2D,Switch,No Online Multiplayer,92,8.4
The ICO & Shadow of the Colossus Collection,2010-2015,SonyInteractiveEntertainment,Action Adventure,Fantasy,PlayStation3,1 Player,92,8.6
Rayman Origins,2010-2015,Ubisoft,Platformer,2D,Wii,1 to 4,92,8.5
Metroid Prime 2: Echoes,2000-2005,Nintendo,FPS,Sci-Fi,GameCube,1 to 4,92,8.8
Out of the Park Baseball 17,2015-2020,OutOfTheParkDevelopments,Sports,Baseball,PC,not specified,92,3.4
Metroid Fusion,2000-2005,Nintendo,Action Adventure,Sci-Fi,GameBoyAdvance,1 Player,92,9.0
The Witcher 3: Wild Hunt - Blood and Wine,2015-2020,CDProjectRedStudio,Action RPG,Open-World,PC,not specified,92,9.2
Final Fantasy VI Advance,2005-2010,SquareEnix,JRPG,Fantasy,GameBoyAdvance,1 to 2,92,8.6
Rayman Legends,2010-2015,Ubisoft,Platformer,2D,WiiU,No Online Multiplayer,92,8.7
Tiger Woods PGA Tour 2003,2000-2005,EA,Sports,Golf,PC,1 to 8,92,5.0
Madden NFL 2005,2000-2005,EA,Sports,Football,Xbox,2  Online,91,7.7
Super Street Fighter IV,2005-2010,Capcom,Fighting,3D,Xbox360,1 to 8,91,7.6
Pac-Man Championship Edition DX,2005-2010,Bandai,Arcade,2D,PlayStation3,not specified,91,7.7
Rock Band 2,2005-2010,MtvGames,Rhythm,Music,PlayStation3,4  Online,91,7.9
Dark Souls II,2010-2015,Bandai,Action RPG,Fantasy,Xbox360,1 to 4,91,7.9
Dishonored,2010-2015,BethesdaSoftworks,Action Adventure,Stealth,PC,No Online Multiplayer,91,8.4
ESPN NFL Football,2000-2005,Sega,Sports,Football,PlayStation2,1 to 16,91,8.5
Medal of Honor: Allied Assault,2000-2005,EA,FPS,Historic,PC,not specified,91,8.6
Myth: The Fallen Lords,1995-2000,Bungie,Strategy,Fantasy,PC,1 to 16,91,8.7
LittleBigPlanet 2,2010-2015,SonyInteractiveEntertainment,Platformer,3D,PlayStation3,4  Online,91,8.4
Guitar Hero,2000-2005,Activision,Rhythm,Music,PlayStation2,1 to 2,91,8.7
World of Warcraft: Wrath of the Lich King,2005-2010,Blizzard,MMORPG,Fantasy,PC,Massively Multiplayer,91,7.6
Rock Band 3,2005-2010,MtvGames,Rhythm,Music,Wii,not specified,91,6.8
Metroid Prime Trilogy,2005-2010,Nintendo,FPS,Sci-Fi,Wii,No Online Multiplayer,91,9.1
Overwatch,2015-2020,Blizzard,FPS,Tactical,PC,1 to 12,91,6.7
F1 Challenge '99-'02,2000-2005,EA,Racing,FormulaOne,PC,1 to 8,91,8.0
Tony Hawk's Pro Skater 4,2000-2005,Activision,Sports,Skateboarding,GameCube,1 to 8,91,8.5
Madden NFL 2001,1995-2000,EA,Sports,Football,PlayStation2,1 to 8,91,7.8
Baldur's Gate,1995-2000,Interplay,RPG,Fantasy,PC,Online Multiplayer,91,8.9
Bayonetta 2,2010-2015,Nintendo,Action Adventure,Fantasy,WiiU,No Online Multiplayer,91,9.0
The Witcher 3: Wild Hunt,2010-2015,CDProjectRedStudio,Action RPG,Open-World,XboxOne,No Online Multiplayer,91,9.2
Rock Band 3,2005-2010,MtvGames,Rhythm,Music,PlayStation3,not specified,91,8.0
Klonoa 2: Lunatea's Veil,2000-2005,Bandai,Platformer,3D,PlayStation2,1 Player,91,9.0
IL-2 Sturmovik,2000-2005,Ubisoft,Simulation,Flight,PC,1 to 32,91,8.7
Mario Tennis,1995-2000,Nintendo,Sports,Tennis,Nintendo64,not specified,91,8.9
FreeSpace 2,1995-2000,Interplay,Simulation,Sci-Fi,PC,1 to 8,91,8.8
Colony Wars,1995-2000,SonyInteractiveEntertainment,Simulation,Sci-Fi,PlayStation,1 Player,91,8.0
Metal Gear Solid V: The Phantom Pain,2010-2015,Konami,Action Adventure,Open-World,PC,1 to 16,91,7.8
Ratchet & Clank: Up Your Arsenal,2000-2005,SonyInteractiveEntertainment,Platformer,3D,PlayStation2,8  Online,91,9.2
Resident Evil,2000-2005,Capcom,Action Adventure,Horror,GameCube,1 Player,91,9.3
FIFA Soccer 10,2005-2010,EA,Sports,Soccer,PlayStation3,not specified,91,7.5
Assassin's Creed II,2005-2010,Ubisoft,Action Adventure,Open-World,PlayStation3,No Online Multiplayer,91,8.6
Metal Gear Solid 3: Snake Eater,2000-2005,Konami,Action Adventure,Stealth,PlayStation2,1 Player,91,9.0
Twisted Metal: Black,2000-2005,SonyInteractiveEntertainment,Racing,Car/Combat,PlayStation2,1 to 4,91,8.5
Spyro: Year of the Dragon,1995-2000,SonyInteractiveEntertainment,Platformer,3D,PlayStation,1 Player,91,8.9
Tomb Raider,1995-2000,EidosInteractive,Action Adventure,Modern,PlayStation,1 Player,91,8.5
Overwatch,2015-2020,Blizzard,FPS,Tactical,XboxOne,1 to 12,91,5.8
Resident Evil 4: Wii Edition,2005-2010,Capcom,Action Adventure,Horror,Wii,No Online Multiplayer,91,9.0
Shadow of the Colossus,2000-2005,SonyInteractiveEntertainment,Action Adventure,Fantasy,PlayStation2,1 Player,91,9.1
Forza Horizon 3,2015-2020,XboxGamesStudios,Racing,GT/Street,XboxOne,1 to 12,91,8.0
Peggle,2005-2010,EA,Puzzle,Fantasy,PlayStation3,not specified,91,7.3
The Legend of Zelda: Ocarina of Time / Master Quest,2000-2005,Nintendo,Action Adventure,Fantasy,GameCube,1 Player,91,8.9
Borderlands 2,2010-2015,Gearbox,FPS,Sci-Fi,PlayStation3,1 to 4,91,8.2
Tom Clancy's Splinter Cell,2000-2005,Ubisoft,Action Adventure,Stealth,PC,No Online Multiplayer,91,8.5
Kentucky Route Zero - Act III,2010-2015,AnnapurnaInteractive,Adventure,General,PC,not specified,91,6.6
NCAA Football 2003,2000-2005,EA,Sports,Football,PlayStation2,1 to 8,91,8.4
Crysis,2005-2010,EA,FPS,Sci-Fi,PC,No Online Multiplayer,91,8.0
Ninja Gaiden,2000-2005,Tecmo,Action Adventure,Fantasy,Xbox,1 Player,91,8.9
God of War: Chains of Olympus,2005-2010,SonyInteractiveEntertainment,Action Adventure,Fantasy,PSP,No Online Multiplayer,91,8.6
DOA2: Hardcore,1995-2000,Tecmo,Fighting,3D,PlayStation2,1 to 4,91,8.0
World of Warcraft: The Burning Crusade,2005-2010,Blizzard,MMORPG,Fantasy,PC,Massively Multiplayer,91,8.0
MLB 10: The Show,2005-2010,SonyInteractiveEntertainment,Sports,Baseball,PlayStation3,not specified,91,8.2
Shadow of the Colossus,2015-2020,SonyInteractiveEntertainment,Action Adventure,Fantasy,PlayStation4,No Online Multiplayer,91,8.5
Yoshi's Island: Super Mario Advance 3,2000-2005,Nintendo,Platformer,2D,GameBoyAdvance,1 to 4,91,8.9
The Witcher 3: Wild Hunt - Blood and Wine,2015-2020,CDProjectRedStudio,Action RPG,Open-World,PlayStation4,not specified,91,8.8
Tiger Woods PGA Tour 2005,2000-2005,EA,Sports,Golf,PC,1 to 8,91,4.5
ESPN NFL Football,2000-2005,Sega,Sports,Football,Xbox,1 to 4,91,8.7
NCAA Football 2003,2000-2005,EA,Sports,Football,GameCube,1 to 2,91,8.1
The Longest Journey,1995-2000,Funcom,Adventure,Fantasy,PC,1 Player,91,8.8
Tony Hawk's Pro Skater 2,1995-2000,Ubisoft,Sports,Skateboarding,PC,1 to 4,91,8.5
Star Wars Jedi Knight: Dark Forces II,1995-2000,LucasArts,FPS,Sci-Fi,PC,1 to 32,91,8.6
Batman: Arkham Asylum,2005-2010,RocksteadyStudios,Action Adventure,Fantasy,PC,No Online Multiplayer,91,8.7
Halo: Reach,2005-2010,XboxGamesStudios,FPS,Sci-Fi,Xbox360,1 to 4,91,8.1
Galactic Civilizations II: Dark Avatar,2005-2010,Stardock,Strategy,Sci-Fi,PC,1 Player,91,8.3
Mass Effect,2005-2010,EA,Action RPG,Fantasy,Xbox360,No Online Multiplayer,91,8.7
The Operative: No One Lives Forever,1995-2000,Sierra,FPS,Modern,PC,1 to 16,91,8.8
Forza Motorsport 4,2010-2015,XboxGamesStudios,Racing,GT/Street,Xbox360,not specified,91,8.2
Resident Evil,1995-2000,Capcom,Action Adventure,Horror,PlayStation,1 Player,91,9.1
Battlefield 2,2000-2005,EA,FPS,Modern,PC,64  Online,91,8.4
God of War Collection,2005-2010,SonyInteractiveEntertainment,Action Adventure,Fantasy,PlayStation3,No Online Multiplayer,91,8.7
Celeste,2015-2020,MattMakesGamesInc.,Platformer,2D,PlayStation4,No Online Multiplayer,91,6.3
Madden NFL 2005,2000-2005,EA,Sports,Football,PlayStation2,2  Online,91,7.9
Tony Hawk's Pro Skater 3,2000-2005,Activision,Sports,Skateboarding,GameCube,not specified,91,8.8
Street Fighter IV,2005-2010,Capcom,Fighting,3D,PC,2  Online,91,7.9
Fallout 3,2005-2010,BethesdaSoftworks,Action RPG,Modern,PC,No Online Multiplayer,91,7.9
Batman: Arkham City,2010-2015,RocksteadyStudios,Action Adventure,Open-World,PC,not specified,91,8.7
Fez,2010-2015,PolytronCorp.,Platformer,2D,PC,1 Player,91,6.7
Planescape: Torment,1995-2000,BlackIsleStudios,RPG,Fantasy,PC,No Online Multiplayer,91,9.2
Sonic Mania Plus,2015-2020,Sega,Platformer,2D,Switch,1 to 2,91,8.7
Gears of War 3,2010-2015,EpicGames,TPS,Sci-Fi,Xbox360,1 to 10,91,7.9
Killzone 2,2005-2010,SonyInteractiveEntertainment,FPS,Sci-Fi,PlayStation3,32  Online,91,8.1
Neverwinter Nights,2000-2005,EA,RPG,Fantasy,PC,Online Multiplayer,91,8.1
Batman: Arkham Asylum,2005-2010,RocksteadyStudios,Action Adventure,Fantasy,PlayStation3,No Online Multiplayer,91,8.9
Castlevania: Aria of Sorrow,2000-2005,Konami,Platformer,2D,GameBoyAdvance,1 to 2,91,8.8
No One Lives Forever 2: A Spy in H.A.R.M.'s Way,2000-2005,Sierra,FPS,Modern,PC,not specified,91,8.7
INSIDE,2015-2020,PLAYDEAD,Platformer,2D,PlayStation4,not specified,91,8.3
Legacy of Kain: Soul Reaver,1995-2000,EidosInteractive,Action Adventure,Horror,PlayStation,1 Player,91,9.0
Dragon Age: Origins,2005-2010,EA,RPG,Fantasy,PC,No Online Multiplayer,91,8.7
Dead Cells,2015-2020,MotionTwin,Action,2D,XboxOne,No Online Multiplayer,91,7.7
Golden Sun,2000-2005,Nintendo,JRPG,Fantasy,GameBoyAdvance,1 to 2,91,9.0
Rayman Legends,2010-2015,Ubisoft,Platformer,2D,PlayStation3,not specified,91,8.7
Mark of the Ninja,2010-2015,XboxGamesStudios,Platformer,2D,PC,No Online Multiplayer,91,8.0
World Soccer Winning Eleven 8 International,2000-2005,Konami,Sports,Soccer,PlayStation2,1 to 8,91,8.4
SteamWorld Heist: Ultimate Edition,2010-2015,Nintendo,Strategy,Turn-Based,Switch,No Online Multiplayer,91,8.5
The Legend of Zelda: A Link Between Worlds,2010-2015,Nintendo,Action RPG,Open-World,3DS,No Online Multiplayer,91,9.0
Dark Souls II,2010-2015,Bandai,Action RPG,Fantasy,PC,1 to 4,91,7.2
Castlevania: Circle of the Moon,2000-2005,Konami,Platformer,2D,GameBoyAdvance,1 Player,91,8.4
Far Cry 3,2010-2015,Ubisoft,FPS,Open-World,Xbox360,1 to 4,91,8.6
Dark Souls II,2010-2015,Bandai,Action RPG,Fantasy,PlayStation3,1 to 4,91,8.1
Shovel Knight: Treasure Trove,2015-2020,YachtClubGames,Platformer,2D,Switch,No Online Multiplayer,91,8.1
flower,2010-2015,SonyInteractiveEntertainment,Adventure,General,PlayStation4,1 Player,91,7.2
Mario Kart DS,2000-2005,Nintendo,Racing,Kart,DS,4  Online,91,8.6
Call of Duty,2000-2005,Activision,FPS,Historic,PC,1 to 32,91,8.5
Madden NFL 2004,2000-2005,EA,Sports,Football,PC,1 to 8,91,7.7
Mario Golf,1995-2000,Nintendo,Sports,Golf,Nintendo64,1 to 4,91,8.0
Crash Bandicoot 3: Warped,1995-2000,SonyInteractiveEntertainment,Platformer,3D,PlayStation,1 Player,91,9.0
Assassin's Creed II,2005-2010,Ubisoft,Action Adventure,Open-World,Xbox360,No Online Multiplayer,90,8.8
Project Gotham Racing 2,2000-2005,XboxGamesStudios,Racing,GT/Street,Xbox,8  Online,90,8.7
NBA 2K12,2010-2015,2kGames,Sports,Basketball,PlayStation3,not specified,90,6.7
The Sims 2,2000-2005,EA,Simulation,VirtualLife,PC,No Online Multiplayer,90,8.8
World of Warcraft: Cataclysm,2005-2010,Blizzard,MMORPG,Fantasy,PC,Massively Multiplayer,90,5.6
Half-Life 2,2000-2005,Valve,FPS,Sci-Fi,Xbox,1 Player,90,8.4
NCAA Football 2003,2000-2005,EA,Sports,Football,Xbox,1 to 4,90,7.9
Rayman 2: The Great Escape,1995-2000,Ubisoft,Platformer,3D,Nintendo64,1 Player,90,9.0
Bayonetta,2005-2010,Nintendo,Action Adventure,Beat-Em-Up,Xbox360,No Online Multiplayer,90,8.1
Diablo III: Ultimate Evil Edition,2010-2015,Blizzard,Action RPG,Fantasy,PlayStation4,1 to 4,90,8.0
Overwatch,2015-2020,Blizzard,FPS,Tactical,PlayStation4,1 to 12,90,6.3
Far Cry 3,2010-2015,Ubisoft,FPS,Open-World,PlayStation3,1 to 4,90,8.5
ICO,2000-2005,SonyInteractiveEntertainment,Action Adventure,Fantasy,PlayStation2,1 Player,90,8.8
Tom Clancy's Ghost Recon Advanced Warfighter,2005-2010,Ubisoft,FPS,Tactical,Xbox360,1 to 16,90,7.9
FIFA Soccer 12,2010-2015,EA,Sports,Soccer,PlayStation3,not specified,90,7.2
World of Goo,2005-2010,Nintendo,Puzzle,General,PC, 1 to 2,90,8.5
Mario & Luigi: Superstar Saga,2000-2005,Nintendo,JRPG,Fantasy,GameBoyAdvance,1 to 4,90,9.1
Shovel Knight,2010-2015,YachtClubGames,Platformer,2D,PlayStation4,not specified,90,7.6
Tony Hawk's Underground,2000-2005,Activision,Sports,Skateboarding,PlayStation2,1 to 8,90,8.7
Marvel vs. Capcom 2,1995-2000,Capcom,Fighting,2D,Dreamcast,not specified,90,8.8
Ape Escape,1995-2000,SonyInteractiveEntertainment,Platformer,3D,PlayStation,1 Player,90,8.6
Syphon Filter,1995-2000,SonyInteractiveEntertainment,TPS,Modern,PlayStation,1 Player,90,8.7
Mario & Luigi: Bowser's Inside Story,2005-2010,Nintendo,JRPG,Fantasy,DS,No Online Multiplayer,90,8.7
Trials Evolution,2010-2015,Ubisoft,Racing,Motorcycle,Xbox360,not specified,90,8.0
Grand Theft Auto IV: The Lost and Damned,2005-2010,RockstarGames,Action Adventure,Open-World,Xbox360,not specified,90,8.0
FIFA Soccer 12,2010-2015,EA,Sports,Soccer,Xbox360,not specified,90,6.7
Spelunky,2010-2015,XboxGamesStudios,Platformer,2D,PC,No Online Multiplayer,90,7.3
FIFA Soccer 10,2005-2010,EA,Sports,Soccer,Xbox360,1 to 20,90,7.5
Ratchet & Clank: Going Commando,2000-2005,SonyInteractiveEntertainment,Platformer,3D,PlayStation2,1 Player,90,9.0
NBA Street Vol. 2,2000-2005,EA,Sports,Basketball,PlayStation2,1 to 4,90,8.6
Tennis 2K2,2000-2005,Sega,Sports,Tennis,Dreamcast,not specified,90,8.2
Black & White,2000-2005,EA,Strategy,Real-Time,PC,not specified,90,7.7
Fallout 3,2005-2010,BethesdaSoftworks,Action RPG,Modern,PlayStation3,No Online Multiplayer,90,7.9
The Legend of Zelda: The Wind Waker HD,2010-2015,Nintendo,Action Adventure,Open-World,WiiU,No Online Multiplayer,90,8.9
ESPN NFL 2K5,2000-2005,2kGames,Sports,Football,PlayStation2,1 to 2,90,8.3
Portal,2005-2010,Valve,Platformer,3D,PC,1 Player,90,9.2
The Legend of Zelda: Phantom Hourglass,2005-2010,Nintendo,Action Adventure,Open-World,DS,1 to 2,90,8.0
MVP Baseball 2004,2000-2005,EA,Sports,Baseball,PlayStation2,1 to 2,90,8.6
Tony Hawk's Pro Skater 3,2000-2005,Activision,Sports,Skateboarding,GameBoyAdvance,not specified,90,8.0
Dance Dance Revolution,2000-2005,Konami,Rhythm,Music,PlayStation,1 to 2,90,8.8
NHL 2001,1995-2000,EA,Sports,Ice Hockey,PC,1 to 8,90,6.9
Advance Wars: Dual Strike,2000-2005,Nintendo,Strategy,Turn-Based,DS,No Online Multiplayer,90,8.9
Rayman Legends,2010-2015,Ubisoft,Platformer,2D,PlayStation4,No Online Multiplayer,90,8.5
MLB 11: The Show,2010-2015,SonyInteractiveEntertainment,Sports,Baseball,PlayStation3,not specified,90,7.8
NieR: Automata - Become as Gods Edition,2015-2020,SquareEnix,Action RPG,Fantasy,XboxOne,No Online Multiplayer,90,8.4
Jak and Daxter: The Precursor Legacy,2000-2005,SonyInteractiveEntertainment,Action,3D,PlayStation2,1 Player,90,8.8
Star Wars Rogue Leader: Rogue Squadron II,2000-2005,EA,Simulation,Sci-Fi,GameCube,1 Player,90,8.6
Monster Hunter: World,2015-2020,Capcom,Action RPG,Fantasy,XboxOne,1 to 16,90,7.2
Stephen's Sausage Roll,2015-2020,increpare,Puzzle,General,PC,No Online Multiplayer,90,5.5
Velocity 2X,2010-2015,Sierra,Action,General,PlayStationVita,not specified,90,7.2
Burnout Revenge,2000-2005,EA,Racing,Arcade,PlayStation2,6  Online,90,8.8
Tony Hawk's Pro Skater 3,2000-2005,Activision,Sports,Skateboarding,PC,1 to 8,90,8.4
NBA 2K2,2000-2005,Sega,Sports,Basketball,GameCube,1 to 4,90,8.0
NCAA Football 2002,2000-2005,EA,Sports,Football,PlayStation2,1 to 8,90,8.5
Unreal Tournament,2000-2005,EpicGames,FPS,Sci-Fi,Dreamcast,not specified,90,8.8
Deus Ex,1995-2000,EidosInteractive,Action Adventure,Stealth,PC,1 Player,90,9.2
Donkey Kong 64,1995-2000,Rare,Platformer,3D,Nintendo64,1 to 4,90,8.6
Panzer Dragoon Orta,2000-2005,Sega,Action,Fantasy,Xbox,1 Player,90,8.6
Dead Cells,2015-2020,MotionTwin,Platformer,2D,Switch,No Online Multiplayer,90,8.6
Portal: Still Alive,2005-2010,Valve,Platformer,Sci-Fi,Xbox360,1 Player,90,8.5
Half-Life 2: Episode Two,2005-2010,Valve,FPS,Sci-Fi,PC,1 Player,90,9.2
Fez,2010-2015,PolytronCorp.,Platformer,2D,PlayStation4,1 Player,90,6.3
Braid,2005-2010,NumberNoneInc,Platformer,2D,PC,1 Player,90,8.6
The Chronicles of Riddick: Escape From Butcher Bay - Developer's Cut,2000-2005,Starbreeze,FPS,Sci-Fi,PC,1 Player,90,8.7
Shin Megami Tensei: Persona 4,2005-2010,Atlus,JRPG,Fantasy,PlayStation2,1 Player,90,8.9
MLB 09: The Show,2005-2010,SonyInteractiveEntertainment,Sports,Baseball,PlayStation3,not specified,90,8.1
Blast Corps,1995-2000,Rare,Action,General,Nintendo64,1 Player,90,8.5
Shovel Knight,2010-2015,YachtClubGames,Platformer,2D,3DS,No Online Multiplayer,90,8.3
MVP Baseball 2004,2000-2005,EA,Sports,Baseball,Xbox,1 to 2,90,8.5
Tony Hawk's Pro Skater 4,2000-2005,Activision,Sports,Skateboarding,Xbox,1 to 2,90,8.5
Sid Meier's Civilization III,2000-2005,FiraxisGames,Strategy,Turn-Based,PC,1 Player,90,8.4
NFL 2K2,2000-2005,Sega,Sports,Football,Dreamcast,not specified,90,7.9
WWF SmackDown! 2: Know Your Role,1995-2000,THQ,Fighting,3D,PlayStation,1 to 4,90,8.7
LIMBO,2005-2010,PLAYDEAD,Platformer,2D,Xbox360,not specified,90,8.4
Mark of the Ninja,2010-2015,XboxGamesStudios,Adventure,2D,Xbox360,1 Player,90,7.4
Silent Hunter III,2000-2005,Ubisoft,Simulation,Horror,PC,8  Online,90,8.0
Bayonetta,2015-2020,Sega,Action Adventure,Linear,PC,No Online Multiplayer,90,8.2
Assassin's Creed: Brotherhood,2005-2010,Ubisoft,Action Adventure,Open-World,PlayStation3,1 to 8,90,8.2
Okami,2005-2010,Capcom,Action Adventure,Fantasy,Wii,No Online Multiplayer,90,8.9
Super Meat Boy,2005-2010,TeamMeat,Platformer,2D,Xbox360,1 Player,90,8.0
Grand Theft Auto: Chinatown Wars,2005-2010,RockstarGames,Action Adventure,Open-World,PSP,not specified,90,7.4
Dead Space 2,2010-2015,EA,TPS,Sci-Fi,Xbox360,1 to 8,90,8.6
Pikmin 2,2000-2005,Nintendo,Strategy,Real-Time,GameCube,1 to 2,90,9.1
Okami HD,2010-2015,Capcom,Action Adventure,Fantasy,PlayStation3,1 Player,90,8.9
NBA 2K17,2015-2020,2kGames,Sports,Basketball,XboxOne,not specified,90,5.9
Madden NFL 2002,2000-2005,EA,Sports,Football,Xbox,1 to 4,90,8.4
Grandia II,1995-2000,Ubisoft,JRPG,Fantasy,Dreamcast,not specified,90,8.6
Geometry Wars: Retro Evolved 2,2005-2010,XboxGamesStudios,Action,Sci-Fi,Xbox360,1 to 4,90,8.3
Sid Meier's Civilization V,2005-2010,FiraxisGames,Strategy,Turn-Based,PC,1 to 4,90,8.0
Super Mario 3D Land,2010-2015,Nintendo,Platformer,3D,3DS,No Online Multiplayer,90,8.4
Mario Kart 8 DLC Pack 2,2010-2015,Nintendo,Racing,Kart,WiiU,not specified,90,8.9
Falcon 4.0: Allied Force,2000-2005,LeadPursuit,Simulation,Combat,PC,16  Online,90,8.6
Deus Ex: Human Revolution,2010-2015,EidosInteractive,Action Adventure,Stealth,PC,No Online Multiplayer,90,8.5
XCOM: Enemy Unknown,2010-2015,FiraxisGames,Strategy,Turn-Based,Xbox360,1 to 2,90,8.3
Metroid Prime 3: Corruption,2005-2010,Nintendo,FPS,Sci-Fi,Wii,No Online Multiplayer,90,8.9
Monster Hunter: World,2015-2020,Capcom,Action RPG,Fantasy,PlayStation4,1 to 4,90,7.8
Flight Simulator 2002,2000-2005,XboxGamesStudios,Simulation,Flight,PC,not specified,90,8.3
Banjo-Tooie,1995-2000,Rare,Platformer,3D,Nintendo64,not specified,90,9.0
Brothers: A Tale of Two Sons,2010-2015,Starbreeze,Action Adventure,Linear,PC,No Online Multiplayer,90,8.6
Dota 2,2010-2015,Valve,Strategy,Real-Time,PC,1 to 10,90,6.5
World Soccer Winning Eleven 8 International,2000-2005,Konami,Sports,Soccer,Xbox,1 to 4,90,8.4
Hollow Knight,2015-2020,TeamCherry,Action Adventure,Fantasy,Switch,No Online Multiplayer,90,8.8
TimeSplitters 2,2000-2005,EidosInteractive,FPS,Sci-Fi,PlayStation2,1 to 16,90,8.8
Guild Wars 2,2010-2015,ArenaNet,MMORPG,Fantasy,PC,Massively Multiplayer,90,8.1
Forza Motorsport 2,2005-2010,XboxGamesStudios,Racing,GT/Street,Xbox360,8  Online,90,8.3
Tales From The Borderlands: Episode 5 - The Vault of the Traveler,2010-2015,TelltaleGames,Adventure,Fantasy,PlayStation4,not specified,90,8.0
Pushmo,2010-2015,Nintendo,Puzzle,3D,3DS,1 Player,90,8.3
The Witcher 3: Wild Hunt - Hearts of Stone,2010-2015,CDProjectRedStudio,Action RPG,Open-World,PlayStation4,not specified,90,8.7
Metal Gear Solid HD Collection,2010-2015,Konami,Action Adventure,Stealth,Xbox360,not specified,90,8.7
Viewtiful Joe,2000-2005,CloverStudio,Action,Beat-Em-Up,PlayStation2,1 Player,90,8.3
Madden NFL 2005,2000-2005,EA,Sports,Football,GameCube,1 to 4,90,8.0
Tiger Woods PGA Tour 2003,2000-2005,EA,Sports,Golf,GameCube,1 to 4,90,8.0
Freedom Force,2000-2005,EA,Action RPG,Fantasy,PC,1 to 4,90,7.9
NBA 2K2,2000-2005,Sega,Sports,Basketball,Xbox,1 to 4,90,7.6
Colin McRae Rally 2.0,1995-2000,Ubisoft,Racing,Rally,PlayStation,1 to 2,90,8.2
FIFA Soccer 13,2010-2015,EA,Sports,Soccer,Xbox360,not specified,90,6.2
LIMBO,2010-2015,PLAYDEAD,Platformer,2D,PlayStation3,not specified,90,7.8
GTR 2,2005-2010,SimBin,Racing,GT/Street,PC,24  Online,90,8.7
NBA 2K13,2010-2015,2kGames,Sports,Basketball,PlayStation3,not specified,90,8.0
Grand Theft Auto IV,2005-2010,RockstarGames,Action Adventure,Open-World,PC,1 Player,90,6.7
Total War: Shogun 2,2010-2015,Sega,Strategy,Turn-Based,PC,Online Multiplayer,90,8.4
Empire: Total War,2005-2010,Sega,Strategy,Real-Time,PC,not specified,90,7.0
Rayman Legends,2010-2015,Ubisoft,Platformer,2D,Xbox360,not specified,90,8.2
Bayonetta + Bayonetta 2,2015-2020,Sega,Action Adventure,Fantasy,Switch,No Online Multiplayer,90,8.7
Kentucky Route Zero - Act IV,2015-2020,AnnapurnaInteractive,Adventure,General,PC,not specified,90,6.2
Guacamelee! Super Turbo Championship Edition,2010-2015,DrinkBoxStudios,Platformer,2D,WiiU,not specified,90,7.6
NBA 2K12,2010-2015,2kGames,Sports,Basketball,Xbox360,not specified,90,7.7
ESPN NHL Hockey,2000-2005,Sega,Sports,Ice Hockey,PlayStation2,1 to 8,90,7.0
Rayman 2 Revolution,2000-2005,Ubisoft,Platformer,3D,PlayStation2,1 Player,90,8.4
Madden NFL 2001,1995-2000,EA,Sports,Football,PlayStation,not specified,90,6.8
Final Fantasy VIII,1995-2000,SquareEnix,JRPG,Fantasy,PlayStation,1 Player,90,8.6
Beetle Adventure Racing,1995-2000,EA,Racing,Arcade,Nintendo64,1 to 4,90,7.3
Command & Conquer: Red Alert,1995-2000,EA,Strategy,Real-Time,PC,1 to 6,90,8.8
